titles,category
 단독  검찰   후원금 유용 의혹  강용석 변호사 자택 등 압수수색,Social
 소달구지로 시신   구 옮겨     태안민간인학살 생생한 증언 나왔다,Social
헤어지자는 내연녀 살해하려 흉기 휘두른   대  실형  년 선고 ,Social
 아동 성적학대자 임용제한  조항 헌재  헌법불합치 ,Social
 조선 도시  거제에 국내 최초 국제 공인  로터 세일  실증센터 선다,Social
화물연대 총파업에 한숨 커진 경기지역 시멘트 레미콘 업계,Social
버스 멈추고 달려가     버스기사    대 노인 살렸다,Social
헌재  아동 성희롱범  공무원 임용 영구 제한  헌법불합치 결정,Social
  보  헌재  아동 성학대 전과자 공무원 영구 임용제한 부당 ,Social
화물연대 총파업 돌입 정부  불법 엄단  천명,Social
 대한민국  거리응원 엇갈린 여론  시기상조      즐기자 ,Social
인천시민단체     세면 돌아가실 나이  폄훼발언 한민수 인천시의원 사퇴 촉구,Social
 이태원 참사  행안부  추모 시간 필요하다는 의견에 유족모임 구성 안돼 ,Social
대법  미성년 자녀 둔 성전환자도 성별정정 가능    년 만에 판례 변경,Social
충북 고속도로 터널서 교통사고 잇따라  명 부상,Social
 그렇게는 안 죽어  더 찔러  극단적 선택 부추긴 경찰 때린   대 무죄,Social
전북개발공사 사장   일만에 사직 파문,Social
조두순  신분 감쪽같이 속이고 이사하려다 딱 걸렸다 보증금 위약금 돌려받아,Social
 뇌물수수  정진상 구속적부심 기각  청구이유 없다 ,Social
광명서 부인 두 아들 살해   대 가장  국민참여재판 신청,Social
조두순  신분 감쪽같이 속이고 이사하려다 딱 걸렸다 보증금 위약금 돌려받아,Social
 뇌물수수  정진상 구속적부심 기각  청구이유 없다 ,Social
광명서 부인 두 아들 살해   대 가장  국민참여재판 신청,Social
 아동 성적학대 전과자 임용제한  국가공무원법 헌법 불합치,Social
 아빠도  로 성별 변경 가능  대법원 판단   년만에 뒤집혔다,Social
 세 모자 살해  비정한    국민참여재판 신청했다,Social
오늘 밤 거리응원 광화문 광장에    구조대 구급대 배치,Social
   분 기다려 버스탄다   참사   광역버스 입석금지  직장인들은 웁니다,Social
도로에 앉아 있는 취객에 경적 울리자  발길질 하며 난동,Social
   억원 횡령  조국  장관  촌조카 장인  심도 집행유예,Social
 남편은 회사원  집주인 속인 조두순 아내  위약금 받고 이사 접었다,Social
  조국 딸 포르쉐 탄다  공익 위한 것    가세연  첫 재판서 혐의 부인,Social
양산천 횡단하는 양산  교    일 개통한다,Social
 내가 좋아해도 되지 않느냐  가이드 성희롱한 이장 결국 사직,Social
이태원역장마저 무더기 입건   노조  실무자 꼬리자르기 ,Social
부산서 오토바이가 관광버스 들이받아 운전자 부상,Social
용인 산후조리원서      감염증  무더기 발생 총   명,Social
출산한 아기 변기물에 방치 살해 비정한 부모 항소심도 집유,Social
대법  미성년 자녀 둔 성전환자 성별변경 허락해야 ,Social
 스토킹 살해  이석준에 피해자 집주소 넘긴 공무원   심 징역  년,Social
 조문객 방명록 공방  정태영 현대카드 부회장   심 승소,Social
학교 비정규직 파업에 대전 세종 충남 급식 차질 비상,Social
 럭키 칠곡 포즈  때문  칠곡  로또  등  장 당첨에 화제,Social
충남 화물연대 당진 현대제철서 파업 출정  철강제품 운송 중단,Social
조두순 결국 선부동 이사 접었다 보증금과    만원 위약금 수령,Social
정진상 구속적부심  청구 이유 없다  기각     수사 힘 실려 종합 ,Social
일본서 돌아온 류성룡의 달력 이순신  최후 순간  담아,Social
한덕수 총리 김여정  막말 담화 에  최소한 예의도 없어 유감 ,Social
지방의회 의원  후원회 불허  조항 헌재  헌법불합치 ,Social
법원  정진상 구속적부심 기각   월 초 구속기소 유력,Social
국회의원은 허용된 후원회  지방의원은 금지 헌재  차별  종합 ,Social
대구 광주  공항 특별법  연내 제정 협력 달빛동맹 협약,Social
헌재  육군훈련소 종교행사 참석 강제  종교 자유 침해 ,Social
한국 민주노총  조합원   명 중    명   정부 노동시간 정책에 부정적 ,Social
 살인사건  단초 개인정보 이석준에 넘긴 공무원  심도 징역  년,Social
인천 층간소음 흉기난동   대  심도 징역   년,Social
 조두순 이사 막겠다  쇠창살에 트럭까지,Social
 눈이 예쁘네  술한잔 하자  여성 가이드에 추태부린 완주군 이장,Social
인생  막의  꿈과 희망 을 펼치는 카페,Social
    콘텐츠 다양성 첫 조사 결과 뉴스 속      대 남성 편중,Social
조주빈은 판사 응시  강훈은 고개 푹    강제추행   심서 징역형 추가,Social
검찰  박지원  수사팀 판단에 의해 필요한 시점에 조사 받을 것 ,Social
대구 학교 비정규직 노동자   일 파업   개 직종     명 중      참여,Social
당진영덕고속도로 수리티터널서  중 추돌  명 경상,Social
 숙소에서 술 한잔할까  가이드에 추태 부린 완주군 이장  사직서 제출,Social
철도노조 준법투쟁에 열차 지연 이어져    표 바꾸기도 어려워 ,Social
  번방  조주빈   년 전 강제추행으로 징역  개월 추가,Social
  일부터 서울 청계천에 자율주행버스 운행  최대  명 무료 탑승,Social
 자율주행    시리야   일상이 된    와 가상인간 ,Social
 이재명 최측근  정진상 구속 유지    겨냥  검찰 수사도 탄력,Social
낙태약 먹고 낳은 아이  변기물 방치해 숨지게 한 부부 항소심도  집유 ,Social
 잠깐 자러갔다  날 못믿나   주    회 무인텔 드나든 아내,Social
전남 관광지    세 이상 시니어 세대 각광,Social
  년 만에 다시 멈추나 대구지하철노조    월  일 전면파업  종합 ,Social
 속보     이재명 측근  정진상 적부심 기각 구속 유지,Social
보이스피싱 돈 받아 조직 몰래 가로챈   대 현금 수거책,Social
 광명 세모자 살해    대 가장  국민참여재판 신청 내일 심리 예정,Social
 내일 급식은 밥 대신 도넛  제주 학교   곳 급식  차질  우려,Social
   최측근  정진상 적부심 기각  법원  구속 유지 ,Social
한총리   국조 증인 채택시 출석   질문에  국회 존중은 당연 ,Social
 술 한잔하자  제주도서 추태 완주군 이장  사직서 제출,Social
 만원에  스토킹 피해자  주소 넘긴 공무원   심도 징역  년,Social
헌법재판소  육군훈련소 내 종교 행사 참석 강제는 위헌 ,Social
 이재명 최측근  정진상 적부심 기각 구속 유지,Social
뜨거웠던 유엔기후변화협약 총회  우린 언론은 이렇게 다뤘다,Social
화물연대 총파업 첫날 인천 노동자     가까이 동참 물류차질 불가피,Social
급식 돌봄대란 우려 내일 학교비정규직연대 총파업,Social
 아들 죽이겠다  신고하더니 흉기 들고 난동   대  왜,Social
 청담동 술자리는 거짓말  첼리스트  경찰 진술,Social
 이승기 사태  이선희는 방관자였나   그 역시 을  권진영 심부름도 ,Social
서울시  반지하에서 이주 시 최대  년간 월   만 원 지원 ,Social
미성년 자녀 둔 성전환자 대법  성별 변경 허용  종합 ,Social
경찰  음주차량 바리케이트로 막은 용감한 시민에 표창장,Social
화물연대    여명 울산신항 집결  물류 차질 우려 ,Social
 이재명 측근  정진상 구속적부심 기각,Social
이재명 최측근 정진상 구속 유지   법원 구속적부심 기각,Social
 가족한테 영상 유포해 버린다   미성년자 협박해 모텔로 유인한   대 징역  년,Social
 부모상 방명록  공개 소송 정태영 부회장  심서 승소,Social
회원수만   만명 성매매 사이트  밤의 전쟁  운영자의 최후,Social
  년전 잃은   개월 자식 목숨값이    만원 ,Social
 가족한테 영상 유포해 버린다   미성년자 협박해 모텔로 유인한   대 징역  년,Social
 부모상 방명록  공개 소송 정태영 부회장  심서 승소,Social
회원수만   만명 성매매 사이트  밤의 전쟁  운영자의 최후,Social
  년전 잃은   개월 자식 목숨값이    만원 ,Social
현역 공군 대위  만취 상태로 시민  명 때려 현행범 체포,Social
 안전운임제 확대하라  인천서도 화물연대 총파업,Social
지하철 기다리던    명 이마  퍽  만취 공군 대위 체포,Social
 주민자치위원 신분 선거운동  원주지역 시 도의원  명  심 당선 무효형,Social
철도노조 태업 첫날 무궁화 새마을호  대   분까지 지연,Social
  보  헌재  지방의원 후원회 금지한 정치자금법 개정해야 ,Social
갓난아이 변기 물에 방치 살해 비정한 부모  항소심도 집유,Social
크리스마스 앞둔  밀크플레이션  깊어가는 카페 사장님 고민,Social
작년 성인 비만 당뇨병 줄고  고콜레스테롤혈증 늘었다,Social
홍준표 대구시장 강기정 광주시장  대구 경북 하늘길 함께 연다,Social
 이재명 최측근  정진상 적부심 기각   구속 유지 종합 ,Social
화물연대 총파업 화물차 멈췄다 광주 전남 물류대란 비상 종합 ,Social
    진    월   일 전방 사단 신병교육대 입대,Social
홍준표  내일      묘지  참배 오월단체  사과없는 참배 막는다 ,Social
 직장선배 결혼식서 축의금  만원 냈더니 불편한 말 내 잘못  ,Social
최문순  알펜시아 입찰 방해 혐의  서울중앙지검 수사,Social
법원  정진상 구속적부심 기각     수사 힘 실릴 듯,Social
  측근 정진상  구속적부심 기각  구속 유지,Social
갭투자로만    채 매입    보증금    억 가로챈 전세사기범 구속,Social
일회용품 사용 제한 확대 첫날 곳곳서  혼란   불만  목소리,Social
내일부터 청계천에 자율주행 버스 달린다,Social
 응원후 귀갓길 재촉하지 마세요  대중교통 증편 연장,Social
문 열린 채 한강 건넌  위험천만   호선  안전불감증  사고 우려 커진다,Social
갭투자    억원 꿀꺽 광주경찰  전세보증금 가로챈   대 구속,Social
아랫집에 비둘기 우글우글 항의하니  내 집서 밥주는데 뭔 상관 ,Social
강제추행으로 추가 기소된 조주빈 강훈  심서 징역  개월,Social
규제완화에도 하락폭 더 커진 대구 아파트 값 전주 대비       ,Social
대법  미성년 자녀 둔 성전환자 성별 변경 허가해야    년만에 판례 변경,Social
 영상  아파트 아래층서 쏟아지듯 나온 비둘기  내 집인데 무슨 상관  ,Social
대구지하철   년 만에 파업 예고,Social
 사과상자 전달  혐의 은평구청장 무혐의   비서만 구속,Social
         민사소송 관련 항소심  건 모두  승소 ,Social
   만 회원  국내 최대 성매매 사이트 운영자  징역  년,Social
국감장 발칵 뒤집었는데 첼리스트  청담동 술자리  거짓말이었다 ,Social
선거법 공소시효 코앞 긴장하는 서울 구청장들,Social
 속보   이재명 측근  정진상 구속적부심 기각 검찰 수사 탄력,Social
         민사소송 관련 항소심  건 모두  승소 ,Social
   만 회원  국내 최대 성매매 사이트 운영자  징역  년,Social
국감장 발칵 뒤집었는데 첼리스트  청담동 술자리  거짓말이었다 ,Social
선거법 공소시효 코앞 긴장하는 서울 구청장들,Social
 속보   이재명 측근  정진상 구속적부심 기각 검찰 수사 탄력,Social
경찰   윤석열 퇴진  외친 촛불중고생시민연대 수사 교육부가 신고,Social
늘어나는 고령운전자 사고      만원짜리 교통카드론 안 된다,Social
민주노총 화물연대 총파업   평택항 주요 출입구서 철야집회 지속,Social
 박사방  조주빈  강제추행 징역  개월  앞선 징역   년 고려,Social
법원  정진상 구속적부심 기각   이재명 수사 가속화될 듯,Social
아빠가 여성이라고   법원  배우자 미성년 자녀 있어도 성별 변경 허용 ,Social
 이재명 최측근  정진상 적부심 기각 구속 유지,Social
  보   이재명 최측근  정진상 적부심 기각 구속 유지,Social
만취 상태로 지하철서 여성  명 뒤통수  퍽  잡고보니 현역 공군 대위,Social
시멘트업계  화물연대 총파업에  명분없어   운임제 도입해야 ,Social
서울시  반지하 가구 지상층 이주 시  년간 월   만원 지원,Social
화물연대 파업에 현대제철     톤 물량 발묶여,Social
 포착  아픈 몸 이끌고       만 원 기부   나누며 살래요 ,Social
   국회 본관 압수수색  뇌물 혐의  노웅래 이메일 포렌식 착수,Social
내년부터  학생 생리대 무상 지원   내년  억  천만원 지원,Social
지난해   대    대  비만    대 남성      뚱뚱 ,Social
조두순  선부동으로 이사 안 간다 집 계약 포기,Social
검찰  이정선 광주교육감 선거법 위반  무혐의  처분,Social
화물연대 경남본부도 총파업  안전운임제 일몰제 폐지 ,Social
천화동인  호  그분 은 이재명  입 열릴까  대장동 키맨  김만배  뉴스속인물 ,Social
         상대      억 영업비밀 침해소송   심도 패소,Social
기아차  통상임금  차소송도 패소        명에    억 지급 ,Social
 속보  대법  미성년 자녀 둔 성전환자  성별 변경  허락해야 ,Social
 단독     이낙연계 중진  이정근 게이트  연루 정황 확인,Social
정보보고서 삭제 지시 의혹 전 서울청 정보부장 소환,Social
김건희 여사  새마을 운동  언급  보수평론가  친노 좌파라며 ,Social
 하루에 기저귀   번 갈아  보라매병원도 총파업  인력충원  촉구,Social
경기도   조 천억 투자 유치 추진 중 김동연  최대한 돕겠다 ,Social
철도노조 준법투쟁에 무궁화호 등 열차  대 최장   분 지연운행,Social
전구체 시장  위 기업 중국        배터리 도시 포항에  조원 투자 ,Social
서울시  청계천 자율주행버스 내일부터 운행,Social
피싱 피해자 돈 받아 조직 몰래  먹튀    대 현금 수거책 검거,Social
대법  미성년 자녀 둔 성전환자  성별변경 허가해야  종합 ,Social
홍준표 시장  강기정 광주시장과 하늘길 열어,Social
검찰  이재명과 가족 계좌 추적 대장동 일당 연루 단서 살핀다,Social
서울시  청계천 자율주행버스 내일부터 운행,Social
피싱 피해자 돈 받아 조직 몰래  먹튀    대 현금 수거책 검거,Social
대법  미성년 자녀 둔 성전환자  성별변경 허가해야  종합 ,Social
홍준표 시장  강기정 광주시장과 하늘길 열어,Social
검찰  이재명과 가족 계좌 추적 대장동 일당 연루 단서 살핀다,Social
 성범죄자 조두순은 안산을 떠나라  주민 여성단체 한목소리,Social
무자본  깡통전세  사기로    억원 가로챈   대 남성 구속,Social
 혼자서   명 기저귀 갈아봤냐   극한직업  호소한 병원노조,Social
지주사 동원산업 이명우 사장  부회장 승진,Social
 성범죄 묵인   극단적 선택 여중생 친모  아동유기 혐의 기소,Social
 속보   아빠 성별   로 변경가능    대법  미성년자녀 둔 성전환자 성별변경 허락해야 ,Social
국내 최대 성매매 사이트  밤의 전쟁  운영자  징역  년,Social
 화물연대 파업  현대제철 인천공장 철강재 출하 멈춰,Social
특수본  경찰 위선 수사 본격화 박성민 전 서울청 정보부장 출석,Social
 아버지도 여성일 수 있다  성전환한 아버지  가족관계등록부 변경 허용,Social
지투알 신임    에 박애리 부사장,Social
화물연대     명 파업 물류대란 생산라인 가동 중단  초읽기  종합 ,Social
 일간  조    억 날린 악몽 산업계 물류마비발 셧다운 공포,Social
    명이 우글대   저러다 사고나겠다  시민 신고에 콜라텍 불법 운영 업주 검거,Social
여고생에 다가가  성희롱  잡고 보니  현직 경찰관 ,Social
